,analysis_sample_rate,audio_md5,danceability,duration,end_of_fade_in,energy,idx_bars_confidence,idx_bars_start,idx_beats_confidence,idx_beats_start,idx_sections_confidence,idx_sections_start,idx_segments_confidence,idx_segments_loudness_max,idx_segments_loudness_max_time,idx_segments_loudness_start,idx_segments_pitches,idx_segments_start,idx_segments_timbre,idx_tatums_confidence,idx_tatums_start,key,key_confidence,loudness,mode,mode_confidence,start_of_fade_out,tempo,time_signature,time_signature_confidence,track_id,analyzer_version,artist_7digitalid,artist_familiarity,artist_hotttnesss,artist_id,artist_latitude,artist_location,artist_longitude,artist_mbid,artist_name,artist_playmeid,genre,idx_artist_terms,idx_similar_artists,release,release_7digitalid,song_hotttnesss,song_id,title,track_7digitalid,idx_artist_mbtags,year
0,22050,aee9820911781c734e7694c5432990ca,0.0,252.05506,2.049,0.0,0,0,0,0,0,0,0,0,0,0,0,0,0,0,0,10,0.777,-4.829,0,0.688,236.635,87.002,4,0.94,TRMMMYQ128F932D901,,4069,0.6498221002008776,0.3940318927141434,ARYZTJS1187B98C555,,,,357ff05d-848a-44cf-b608-cb34b5701ae5,Faster Pussy cat,44895,,0,0,Monster Ballads X-Mas,633681,0.5428987432910862,SOQMMHC12AB0180CB8,Silent Night,7032331,0,2003
1,22050,ed222d07c83bac7689d52753610a513a,0.0,156.55138,0.258,0.0,0,0,0,0,0,0,0,0,0,0,0,0,0,0,0,9,0.808,-10.555,1,0.355,148.66,150.778,1,0.0,TRMMMKD128F425225D,,113480,0.4396039666767154,0.3569921077564064,ARMVN3U1187FB3A1EB,,,,8d7ef530-a6fd-4f8f-b2e2-74aec765e0f9,Karkkiautomaatti,-1,,0,0,Karkuteillä,145266,0.2998774882739778,SOVFVAK12A8C1350D9,Tanssi vaan,1514808,0,1995
2,22050,96c7104889a128fef84fa469d60e380c,0.0,138.97098,0.0,0.0,0,0,0,0,0,0,0,0,0,0,0,0,0,0,0,7,0.418,-2.06,1,0.566,138.971,177.768,4,0.446,TRMMMRX128F93187D9,,63531,0.6436805720579895,0.4375038365946544,ARGEKB01187FB50750,55.8578,"Glasgow, Scotland",-4.24251,3d403d44-36ce-465c-ad43-ae877e65adc4,Hudson Mohawke,-1,,0,0,Butter,625706,0.6178709693948196,SOGTUKN12AB017F4F1,No One Could Ever,6945353,0,2006
3,22050,0f7da84b6b583e3846c7e022fb3a92a2,0.0,145.05751,0.0,0.0,0,0,0,0,0,0,0,0,0,0,0,0,0,0,0,7,0.125,-4.654,1,0.451,138.687,87.433,4,0.0,TRMMMCH128F425532C,,65051,0.44850115965646636,0.37234906851712235,ARNWYLR1187B9B2F9C,,,,12be7648-7094-495f-90e6-df4189d68615,Yerba Brava,34000,,0,0,De Culo,199368,,SOBNYVR12A8C13558C,Si Vos Querés,2168257,0,2003
4,22050,228dd6392ad8001b0281f533f34c72fd,0.0,514.29832,0.0,0.0,0,0,0,0,0,0,0,0,0,0,0,0,0,0,0,5,0.097,-7.806,0,0.29,506.717,140.035,4,0.315,TRMMMWA128F426B589,,158279,0.0,0.0,AREQDTE1269FB37231,,,,,Der Mystic,-1,,0,0,Rene Ablaze Presents Winter Sessions,209038,,SOHSBXH12A8C13B0DF,Tangle Of Aspens,2264873,0,0
5,22050,001717032b7105ee4de70f67bf7fba3e,0.0,816.53506,2.194,0.0,0,0,0,0,0,0,0,0,0,0,0,0,0,0,0,10,0.419,-21.42,1,0.581,811.799,90.689,4,0.158,TRMMMXN128F42936A5,,219281,0.361286979627774,0.10962584705877759,AR2NS5Y1187FB5879D,,,,d087b377-bab7-46c4-bd12-15debebb5d61,David Montgomery,-1,,0,0,Berwald: Symphonies Nos. 1/2/3/4,299244,,SOZVAPQ12A8C13B63C,"Symphony No. 1 G minor ""Sinfonie Serieuse""/Allegro con energia",3360982,0,0
6,22050,eb4f5cb71ff1e50a279d1872929cf6b4,0.0,212.37506,0.0,0.0,0,0,0,0,0,0,0,0,0,0,0,0,0,0,0,3,0.611,-4.931,0,0.627,206.629,101.45,1,0.96,TRMMMLR128F1494097,,3736,0.6929227305760355,0.453731585998959,ARO41T51187FB397AB,,"Mexico City, Mexico",,d2461c0a-5575-4425-a225-fce0180de3fd,Sasha / Turbulence,1396,,0,0,Strictly The Best Vol. 34,52968,,SOQVRHI12A6D4FB2D7,We Have Got Love,552626,0,0
7,22050,c5eaa27a919d3403cb12745056de0b21,0.0,221.20444,0.165,0.0,0,0,0,0,0,0,0,0,0,0,0,0,0,0,0,11,0.332,-12.214,0,0.35,212.12,98.02,4,0.982,TRMMMBB12903CB7D21,,49941,0.5881561876748532,0.40109242517712895,AR3Z9WY1187FB4CDC2,,,,bf61e8ff-7621-4655-8ebd-68210645c5e9,Kris Kross,9594,,0,0,Da Bomb,580432,,SOEYRFT12AB018936C,2 Da Beat Ch'yall,6435649,0,1993
8,22050,801588bb617e8dfb92df0465619f6a2c,0.0,139.17995,0.171,0.0,0,0,0,0,0,0,0,0,0,0,0,0,0,0,0,5,0.537,-10.705,1,0.523,130.479,115.427,1,0.324,TRMMMHY12903CB53F1,,15202,0.4084654634687691,0.28590119604546194,ARA04401187B991E6E,54.99241,"Londonderry, Northern Ireland",-7.31923,1a9bf859-1dc2-495b-9e7c-289be7731a9f,Joseph Locke,61524,,0,0,Danny Boy,756677,,SOPMIYT12A6D4F851E,Goodbye,8376489,0,0
9,22050,766c396dfd07dc2cc956603f8efcb7d0,0.0,104.48934,0.0,0.0,0,0,0,0,0,0,0,0,0,0,0,0,0,0,0,4,0.668,-20.16,0,0.48,104.489,124.339,4,1.0,TRMMMML128F4280EE9,,76721,0.41994127477041937,0.2491372295395512,ARCVMYS12454A51E6E,,,,,The Sun Harbor's Chorus-Documentary Recordings,50151,,0,0,March to cadence with the US marines,95069,,SOJCFMH12A8C13B0C2,Mama_ mama can't you see ?,1043208,0,0
10,22050,b2a5d78fda7fcc358a28124307c8d218,0.0,68.96281,0.363,0.0,0,0,0,0,0,0,0,0,0,0,0,0,0,0,0,2,0.05,-11.072,1,0.59,68.963,62.294,4,0.425,TRMMMNS128F93548E1,,483188,0.5550139661044319,0.35294891386831184,AR59BSJ1187FB4474F,,,,891fccfc-24c1-4bfd-bf49-c736e59e443f,3 Gars Su'l Sofa,-1,,0,0,Des cobras des tarentules,649271,,SOYGNWH12AB018191E,L'antarctique,7192392,0,2007
11,22050,f80961f31e87fd96496a6055af037f1f,0.0,168.22812,0.0,0.0,0,0,0,0,0,0,0,0,0,0,0,0,0,0,0,7,0.853,-10.418,1,0.656,165.413,87.319,3,0.953,TRMMMXJ12903CBF111,,182764,0.5413897644832653,0.36909624998745993,ARCVIFR1187B99129F,21.01841,"Guanajuato, Guanajuato, Mexico",-101.25912,ec57c22f-9bb7-48ab-aa85-dab108a71b53,Jorge Negrete,16768,,0,0,32 Grandes Éxitos  CD 2,714860,,SOLJTLX12AB01890ED,El hijo del pueblo,7928975,0,1997
12,22050,3510d0c3bac6ed15aaab6876be4317a3,0.0,301.60934,0.0,0.0,0,0,0,0,0,0,0,0,0,0,0,0,0,0,0,1,0.45,-4.882,1,0.52,291.405,85.34,5,0.581,TRMMMCJ128F930BFF8,,165382,0.6220053881178192,0.45157896286125104,ARVIT0V1187B9A7CDE,,,,2eb02f8c-8dfa-49dc-a224-11051ec45a42,Danny Diablo,-1,,0,0,International Hardcore Superstar,620618,0.39200877147130697,SOQQESG12A58A7AA28,Cold Beer feat. Prince Metropolitan,6893903,0,0
13,22050,873d1d86b520c89ae05492b8f577afdd,0.0,318.45832,0.502,0.0,0,0,0,0,0,0,0,0,0,0,0,0,0,0,0,10,0.764,-10.67,1,0.627,306.265,67.567,3,0.676,TRMMMBW128F4260CAE,,5823,0.6218264858073926,0.4069847271546184,AREMPER1187B9AEB42,,,,14efbb08-c3d8-404c-9ead-ad71fa586ee6,Tiger Lou,-1,,0,0,The Loyal,204414,0.4634896622372766,SOMPVQB12A8C1379BB,Pilots,2218694,0,2005
14,22050,34c290977bca33774d6a0c5ea5906fa9,0.0,273.18812,0.34,0.0,0,0,0,0,0,0,0,0,0,0,0,0,0,0,0,11,0.226,-15.559,0,0.35,259.738,111.007,4,0.693,TRMMMXI128F4285A3F,,107401,0.5436899174527013,0.37367918580172677,ARBAMQB1187FB3C650,,,,0bb5e108-b41d-46cd-969e-69d34d1acdfe,Waldemar Bastos,21683,,0,0,Afropea 3 - Telling Stories To The Sea,218915,0.4499402040427523,SOGPCJI12A8C13CCA0,N Gana,2387740,0,0
15,22050,01e0de50a9538be692285b6eb9ff6d50,0.0,262.26893,0.194,0.0,0,0,0,0,0,0,0,0,0,0,0,0,0,0,0,11,0.038,-3.925,1,0.337,259.419,122.332,4,0.905,TRMMMKI128F931D80D,,63158,0.5298191345674961,0.41022851115895437,ARSB5591187B99A848,57.42635,"Vetlanda, Sweden",15.08518,fba3e876-68f1-4a1f-99d9-c604480202ba,Lena Philipsson,-1,,0,0,Lena 20 År,543019,0.21204540548371908,SOSDCFG12AB0184647,006,6010886,0,1998
16,22050,c35b10dab705b836b5cd226c519da024,0.0,216.47628,2.032,0.0,0,0,0,0,0,0,0,0,0,0,0,0,0,0,0,6,0.564,-14.379,1,0.655,208.062,99.214,4,0.0,TRMMMUT128F42646E8,,2752,0.6855028320873736,0.44673296759009207,ARDW5AW1187FB55708,42.78668,"Vermillion, SD",-96.92803,42222090-c5e5-4243-8582-c29bc8b63ec6,Shawn Colvin,1431,,0,0,Cover Girl,282071,0.2707759989463275,SOBARPM12A8C133DFF,(Looking For) The Heart Of Saturday,3156269,0,1994
17,22050,b00607a10b602f31a85cbc482f3518ea,0.0,196.0224,0.0,0.0,0,0,0,0,0,0,0,0,0,0,0,0,0,0,0,8,0.195,-6.366,1,0.146,185.202,189.346,7,0.864,TRMMMQY128F92F0EA3,,8066,0.7344714135425402,0.5119758329425405,ARGWPP11187B9AEF43,38.8235,Maryland,-75.92381,f76167bb-c117-4022-8b6b-54c796edf5c9,Dying Fetus,51871,,0,0,Descend Into Depravity,610151,0.6147658092809959,SOKOVRQ12A8C142811,Ethos of Coercion,6782293,0,2009
18,22050,1f2a17fe378283b09c849a69977495ae,0.0,217.57342,0.514,0.0,0,0,0,0,0,0,0,0,0,0,0,0,0,0,0,3,0.77,-4.867,0,0.417,214.309,88.423,4,0.743,TRMMMTK128F424EF7C,,21191,0.7389959064546399,0.5633668961490896,ARDT9VH1187B999C0B,,South Carolina,,6b22de04-fb48-44aa-bd02-c1427f635477,Emery,10889,,0,0,I'm Only A Man (Bonus Track Version),143873,0.7173190344273362,SOIMMJJ12AF72AD643,Rock-N-Rule,1501464,0,2007
19,22050,ec54b9f465fee8deee5d87d9ab9f2c14,0.0,355.60444,0.0,0.0,0,0,0,0,0,0,0,0,0,0,0,0,0,0,0,2,0.55,-7.89,1,0.655,349.309,102.397,4,0.903,TRMMMHQ128F4278194,,68575,0.46714484494272307,0.40912707944880217,ARWFDED1187B9B9D71,,,,8ff7e1b4-18f8-48ec-a8a0-793ab1a5511c,Los Ronaldos,-1,,0,0,La bola extra,212920,,SOVMBTP12A8C13A8F6,La bola extra,2318206,0,0
20,22050,bbf1ef1bf188cf1a1f40b8fe3ceff77d,0.0,353.77587,0.351,0.0,0,0,0,0,0,0,0,0,0,0,0,0,0,0,0,1,0.216,-7.569,1,0.425,343.255,167.85,4,0.195,TRMMMQV12903CA201E,,101173,0.3771902027015506,0.29024206999298574,ARVF2AD1187FB47580,,,,fd711779-5524-4ed3-8d68-da0b867caa34,Rev. Timothy Wright,115336,,0,0,Let's Celebrate (He Is Risen),572568,0.2903035987366047,SOOUESZ12AB0189AFD,I Made It Over,6345139,0,0
21,22050,7ce886966daa60692d51636298de6dca,0.0,93.12608,0.098,0.0,0,0,0,0,0,0,0,0,0,0,0,0,0,0,0,10,0.323,-29.369,1,0.281,82.57,120.997,7,0.256,TRMMMMV128F14746A5,,6620,0.4137389372195593,0.38346320777856646,AR0GK7N1187B9AC56C,,,,bfc4370b-c0d9-46c7-825b-bf09f9b65264,Pierre-Laurent Aimard,14355,,0,0,Debussy : 12 Etudes_ Images Sets 1 & 2,34852,0.0,SOAGMGG12A6D4F9099,Debussy : 12 Etudes : VI Pour les huit doigts,373519,0,0
22,22050,fde22f436311094ffc90db0bd280ae1d,0.0,213.4722,0.142,0.0,0,0,0,0,0,0,0,0,0,0,0,0,0,0,0,10,0.577,-9.257,0,0.5,213.472,135.747,4,1.0,TRMMMPN128F426610E,,114787,0.5935542482971042,0.2971756327183053,AR66C9X1187B98F7EA,,"Glasgow, Scotland",,b9313805-5fe0-4f1b-9f5c-9e52565a5a3d,Nicolette,-1,,0,0,Let No One Live Rent Free In Your Head,146536,,SOGFWVT12A8C137C64,Nervous,2242562,0,1996
23,22050,247411db8aec707f66780498b1e72c0d,0.0,319.81669,7.146,0.0,0,0,0,0,0,0,0,0,0,0,0,0,0,0,0,7,0.256,-7.185,1,0.341,307.386,187.378,3,0.824,TRMMMNO128F93539AA,,4411,0.6411975149842052,0.44865347112982507,AR4TLW81187B99683D,,"Syracuse, NY",,0685ac4a-5cfc-408a-b391-903ea20e00bf,Martin Sexton,53504,,0,0,In The Journey,519740,,SOKLPMH12AB01861FA,In The Journey,5749967,0,2001
24,22050,029c2a9a59aaab756b0bbd8253f9eaa6,0.0,204.19873,0.207,0.0,0,0,0,0,0,0,0,0,0,0,0,0,0,0,0,10,0.435,-12.402,1,0.391,201.021,92.085,5,0.951,TRMMMTG128F426B5BB,,203740,0.5591351077320691,0.4045938560765159,ARDPJYJ11F4C83E24A,31.1689,Miami FL,-100.07715,,Craze,-1,,0,0,Crazeë Musick,249485,,SOEPAIN12A8C1396A7,Fuckin Ethic People (999),2851707,0,0
25,22050,a146d0e2b6cef21f46081e8f6ff23854,0.0,258.89914,0.0,0.0,0,0,0,0,0,0,0,0,0,0,0,0,0,0,0,1,0.688,-4.66,1,0.596,250.149,157.862,1,0.01,TRMMMPJ128F9306985,,61830,0.5837167589828275,0.39661257106925263,ARBE9HD1187FB40016,,,,8cc00e45-94c9-40e0-882b-0e76dd5b472b,Christian Castro,329,,0,0,Hoy Quiero Soñar,447219,0.24416042996586232,SOQMZZI12AB01850D4,Tu Vida Con La Mía,4970915,0,0
26,22050,c0d72e5811fb375593ce462059e90f80,0.0,253.70077,0.218,0.0,0,0,0,0,0,0,0,0,0,0,0,0,0,0,0,4,0.749,-3.278,1,0.602,253.701,67.06,4,0.235,TRMMMRZ128F4265EB4,,10173,0.8533828692782516,0.6104316204313227,AR12F2S1187FB56EEF,,"Boston, MA",,3d2b98e5-556f-4451-a3ff-c50ea18d57cb,Aerosmith,39,,0,0,Honkin' On Bobo,282499,,SOEEHEY12CF5F88FB4,I'm Ready,3162359,0,2004
27,22050,367db26137ee30ad7eee9b2e5b9a65ce,0.0,210.93832,0.247,0.0,0,0,0,0,0,0,0,0,0,0,0,0,0,0,0,1,0.446,-7.664,1,0.167,210.938,207.903,4,0.342,TRMMMKD12903CF219E,,52624,0.729867325353164,0.4178820342717012,AREH0O41187FB4C405,,Oakland,,83e32d32-fee5-45de-a4b6-b49956a069eb,Skinlab,130846,,0,0,Nerve Damage,734700,0.22482003029319375,SOWUMAZ12A67ADE769,Take As Needed,8138503,0,2002
28,22050,0f781d4be4dc2987eb3fb9d1fa82dff2,0.0,180.55791,3.512,0.0,0,0,0,0,0,0,0,0,0,0,0,0,0,0,0,9,0.819,-16.44,0,0.747,175.119,132.156,4,0.558,TRMMMRR12903CF395D,,91211,0.43091412659290945,0.0,ARN5X9D1187B998A6D,,,,2f338a80-cae4-40e8-a0f7-9b5468479e3a,Mike Badger and Friends,-1,,0,0,Lo Fi_ Acoustic Excursions,689856,,SOJJAZT12AC4687219,Autumn In The Mind (Acoustic Version),7656579,0,0
29,22050,a692673dcef8a1759df6b9a300d63bcf,0.0,216.0322,0.357,0.0,0,0,0,0,0,0,0,0,0,0,0,0,0,0,0,8,0.052,-12.143,1,0.27,212.149,179.396,4,0.719,TRMMMJW12903CF239E,,267954,0.542921743934432,0.41124082910011395,AR52DCD1187B992B5F,,Roma,,80d946ff-0567-4882-ad91-77c5d47448b8,Piotta,-1,,0,0,Tequila il mambo del giubileo (12 Inc),779471,,SOMLHJQ12AC4685B45,Tequila,8626743,0,0
30,22050,9dbf8dffb682d2f6ece1c61f3c56f6ef,0.0,236.042,0.0,0.0,0,0,0,0,0,0,0,0,0,0,0,0,0,0,0,1,0.427,-6.909,0,0.262,215.986,98.099,4,1.0,TRMMMWA128F1462C8C,,75877,0.5014153396267942,0.3375931528291237,ARPMCDB1187FB4B5D2,40.71455,New York,-74.00712,97989c9f-4efd-436a-b74e-c9914e9f3d06,Sev Statik,101815,,0,0,Speak Life,26385,,SOYNOIK12A6D4F7F3F,All For A Purpose (Speak Life Album Version),285211,0,0
31,22050,eadac2a56525f5626bad5f86a6271de6,0.0,466.99057,2.438,0.0,0,0,0,0,0,0,0,0,0,0,0,0,0,0,0,11,0.754,-7.8,0,0.509,453.178,140.022,4,0.0,TRMMMOT128F931A571,,29162,0.597051561408251,0.35311402409636167,AR00P3M1187FB5428C,,,,b3a35974-4703-4423-92bf-a1b5ac6cac3b,The Advent,-1,,0,0,C On,626259,,SOPUJOM12AB017FEEB,C On,6952931,0,0
32,22050,204120d44d3990d16faa70b52f0e360c,0.0,212.06159,0.0,0.0,0,0,0,0,0,0,0,0,0,0,0,0,0,0,0,11,0.446,-7.69,0,0.563,198.972,120.703,4,0.701,TRMMMQN128F4238509,,31611,0.6848080630211406,0.4854447505478776,ARJ3CTF1187B9A1F2E,,,,4c8ead39-b9df-4c56-a27c-51bc049cfd48,Prince & The Revolution,-1,,0,0,The Hits/The B-Sides,133264,0.3231121208952123,SOGNNYL12A6D4F910B,Raspberry Beret (LP Version),1381741,0,0
33,22050,fcb00691ccfe4b0562d1b44e5ca3e180,0.0,372.4273,0.0,0.0,0,0,0,0,0,0,0,0,0,0,0,0,0,0,0,7,0.229,-6.663,1,0.396,355.062,191.665,3,0.665,TRMMMKQ128F92EBCB5,,10146,0.7402523056632623,0.47269145898810405,AR79L0D1187FB3AFB6,51.4518,Essen,7.01062,39822e8d-f24e-4f07-b51b-28b22e59fbdb,Kreator,213899,,0,0,Violent revolution,479022,0.7887268224563643,SOOLRHW12A8C142643,All of the same blood,5317548,0,2001
34,22050,defe679b4c3df2b3165653c5d3d74b35,0.0,92.73424,0.183,0.0,0,0,0,0,0,0,0,0,0,0,0,0,0,0,0,2,0.046,-8.408,1,0.407,88.114,148.577,4,0.527,TRMMMQK128F428AB1F,,85490,0.5347421408477826,0.29917730572238566,ARR4EXL1187B9A4E3C,39.73926,Illinois,-89.50409,84c3cdf1-7872-4360-81fa-e3511eafe1c8,Hall Of Fame,-1,,0,0,Hall Of Fame,220586,0.0,SOMKNZS12A8C13DEBC,One Little Too Little,2408454,0,1996
35,22050,24f4ceae5c224c8e1e6c755824a24327,0.0,155.19302,0.084,0.0,0,0,0,0,0,0,0,0,0,0,0,0,0,0,0,10,0.51,-13.588,1,0.586,146.332,67.118,5,0.228,TRMMMPU128F42B134D,,30249,0.44625666654061785,0.3463575222425513,AR0G47L1187B98CC6D,50.91552,"Battle, Sussex, England",0.48883,1ab5ec20-743e-4f11-9c37-237f190ae447,Frank Chacksfield,158461,,0,0,Classic Years,238993,0.46048484498641545,SOYKVON12A8C14097E,Cockleshell Heroes,3484384,0,2007
36,22050,045d79b78b9151d1f77354e4b56cf73d,0.0,95.34649,3.349,0.0,0,0,0,0,0,0,0,0,0,0,0,0,0,0,0,6,0.761,-13.174,1,0.592,95.346,118.772,4,0.0,TRMMMYP128F429A5E4,,131522,0.5254839061278261,0.3140665064670945,ARQJYSJ1187FB4CDF3,,,,6bf918da-7c90-4b96-9661-0f30bc4f15c8,Voyage,82273,,0,0,Voyage,172642,,SOEXAWC12AB01817E6,Trancesequence,1841489,0,0
37,22050,7cd7e2a43e70e163b12d3f57036d45e7,0.0,437.7073,0.154,0.0,0,0,0,0,0,0,0,0,0,0,0,0,0,0,0,11,0.546,-8.105,1,0.477,429.116,132.926,4,0.245,TRMMMKN12903CB44A5,,33,0.6567001580510525,0.47621322571578756,AR3TG9F1187B98E0D3,50.72805,"Devon, England",-3.71925,406f1b42-0c9e-4427-aeb7-02f78e188ec4,Wishbone Ash,9006,,0,0,TRANCE VISIONARY,799812,0.0,SOKQCDA12A6D4FA556,Wonderful Stash,8847762,0,1998
38,22050,d27fa00bd372985b594ae5a1bf946076,0.0,456.59383,0.073,0.0,0,0,0,0,0,0,0,0,0,0,0,0,0,0,0,7,0.176,-5.688,1,0.466,451.791,99.162,4,0.545,TRMMMUZ128F4238E64,,186843,0.43345064617362933,0.3492603170929444,AR2AP091187FB53FC3,,,,5871ab3e-f48b-46ba-b036-03f81e81d8ad,Malavoi,-1,,0,0,Le meilleur,241530,,SOFWVLR12A8C1328DC,La filo,2634064,0,0
39,22050,741bfbf4c874a3903c6efd815ac2b5dd,0.0,246.54322,0.258,0.0,0,0,0,0,0,0,0,0,0,0,0,0,0,0,0,4,0.777,-7.957,1,0.742,235.079,94.782,4,0.36,TRMMMTP128F4276193,,105045,0.5622823472972321,0.3677388168641432,ARPUVK01187B998FB1,,Ohio,,f9539ebb-1984-43df-ab84-b8f73e97d952,Cobra Verde,-1,,0,0,Easy Listening,250835,0.0,SOLRKBF12A8C13C88A,Throw It Away,2900722,0,2003
40,22050,c81e7887d0036b77ecd5fbbf2659c29a,0.0,141.87057,0.525,0.0,0,0,0,0,0,0,0,0,0,0,0,0,0,0,0,11,0.605,-7.572,1,0.625,141.871,158.802,4,0.0,TRMMMSA128F425FA38,,140359,0.3868277683137894,0.3118829220754962,ARYZAZX1187FB5BA03,49.10516,"Surrey, British Columbia, Canada",-122.83019,127c9dae-1aeb-43bc-a930-ecff36b01bc8,Lisa Brokop,78619,,0,0,Lisa Brokop,203899,,SOBDLRM12A8C13A0AC,Before He Kissed Me,2213839,0,0
41,22050,4d9e035448dad426036d9a8a859f30b9,0.0,276.1922,2.659,0.0,0,0,0,0,0,0,0,0,0,0,0,0,0,0,0,7,0.485,-13.729,0,0.577,262.165,168.762,4,0.0,TRMMMHS128F42A0971,,49943,0.6384758830271322,0.4119045249792829,ARCB9IH1187FB52D15,,,,6ff13427-08ff-4da2-bee8-892e1fa22d3c,The Emotions,5040,,0,0,Rejoice,302131,,SOMXBRA12AB017C656,Blessed,3415158,0,1977
42,22050,bb276bafb49149382fdefdde69e44578,0.0,424.17587,0.0,0.0,0,0,0,0,0,0,0,0,0,0,0,0,0,0,0,10,0.207,-6.781,0,0.439,417.733,144.993,4,0.414,TRMMMJI12903CC3E5C,,355904,0.5406618260757162,0.3469362290004338,ARS1QBT1187B994054,,,,95a9e97a-01e8-4cfa-94af-715e6c28ca97,Safi Connection,-1,,0,0,B.P.M. - Bionic Pulse Method Vol. 3,762117,,SODJAOH12A58A77B23,Goa Amsterdam,8436593,0,0
43,22050,509b1febf2cd6afd2412084f78340ac6,0.0,181.81179,7.982,0.0,0,0,0,0,0,0,0,0,0,0,0,0,0,0,0,1,0.0,-6.844,0,0.559,176.385,119.919,4,1.0,TRMMMDJ128F92CC9F6,,19946,0.8071683889555707,0.5024005375163006,AR0H39F1187B9BA26D,39.75911,"Dayton, OH",-84.19444,194eeda1-e662-43bc-b9be-32fc1afecc8b,Hawthorne Heights,8082,,0,0,Fragile Future,316457,0.3589765264395974,SOCPTIN12A8C14265F,Disaster [Demo Version],3579270,0,2008
44,22050,a00b08a716331cdad53495b6169ee038,0.0,175.20281,0.177,0.0,0,0,0,0,0,0,0,0,0,0,0,0,0,0,0,9,0.533,-9.049,0,0.616,163.776,156.753,4,0.0,TRMMMBU128F9305AC3,,11109,0.6064137828516258,0.3776029278684677,ARAV0V51187B98F15B,,,,d35e1026-638b-4c92-b53e-43cfc0172e86,The Maytals,-1,,0,0,The Best Of,344923,,SODVOFJ12AB0181EE6,Night And Day,3863603,0,1994
45,22050,6ca17ec98e4a353b0f5996bd62fc604a,0.0,228.44036,0.073,0.0,0,0,0,0,0,0,0,0,0,0,0,0,0,0,0,5,0.746,-7.711,0,0.295,219.899,112.945,4,0.999,TRMMMFJ128F92E15AC,,43318,0.5306473861449279,0.38192120996025947,AROMGZS1187B9B1672,40.75,"Scafati, Italy",14.52689,21fe27b8-e059-47cc-9064-8bfff4bacba5,Neffa,1147,,0,0,Alla Fine Della Notte,383926,0.5294685333447761,SODDEQU12AAF3B2FC8,Passione,4261918,0,2007
46,22050,5cc8a519cb97f6d4b7d1e3bb2ec63db4,0.0,241.05751,0.0,0.0,0,0,0,0,0,0,0,0,0,0,0,0,0,0,0,6,0.432,-11.773,0,0.345,241.058,135.414,4,0.616,TRMMMNI12903CE0AF1,,138438,0.5606342761222629,0.3487018787589052,ARDD0UX1187B9A57F3,,Illinois,,8f1b6974-6529-4e27-8ba9-f2ef2aa7fbe3,Lil O,-1,,0,0,[Screwed] Tha Flood - Swishahouse Mix,728141,0.24906579485370342,SONYUEW12AB018B373,My Everything [Screwed] (feat. Trae The Truth),8067120,0,0
47,22050,79efbccb5a03aa12bd9a8f40b6313d7f,0.0,282.93179,4.807,0.0,0,0,0,0,0,0,0,0,0,0,0,0,0,0,0,10,0.828,-3.828,0,0.667,279.406,162.002,4,0.659,TRMMMFG128F425087B,,16926,0.8202215552096845,0.4851046965702053,AR4T2IF1187B9ADBB7,63.96027,"<a href=""http://billyidol.net"" onmousedown='UntrustedLink.bootstrap($(this), ""fc44f8f60d13ab68c56b3c6709c6d670"", event)' target=""_blank"" rel=""nofollow"">http://billyidol.net</a>",10.22442,47c8f88b-987a-4b64-9175-2b1b57809727,Billy Idol,204,,0,0,Devil's Playground,275293,0.735853158634151,SOWWQXA12A81C1F9CA,Scream,3060170,0,2005
48,22050,2555fb5f4638ff71c1deb102378c4f7f,0.0,168.04526,0.0,0.0,0,0,0,0,0,0,0,0,0,0,0,0,0,0,0,0,0.038,-8.818,1,0.357,156.032,86.363,3,0.853,TRMMMBM128F933EDF7,,293448,0.4597623519126199,0.3693596594045551,AR2AL111187B9B3C31,,,,e503a567-44ed-485b-994e-cc084fcc56e4,The Vichy Government,-1,,0,0,The Man Delusion,468840,0.2884816426560289,SONNHYN12AB018538B,The Man Delusion,5213864,0,0
49,22050,6c73385a0b0e835cd48e970f4bfb46f3,0.0,240.87465,3.582,0.0,0,0,0,0,0,0,0,0,0,0,0,0,0,0,0,4,0.482,-7.581,0,0.394,240.875,141.562,4,0.666,TRMMMLV128F14821BE,,10559,0.43103078716834703,0.3338581245629411,AROPC1B1187FB567E3,,,,6dc557f0-3d47-446d-bb6d-df2ba2405ef7,Out Of The Grey,54572,,0,0,The Early Years,41971,0.0,SOCWWYB12A6D4F9AF4,He Is Not Silent (Out Of The Grey Album Version),446251,0,0
50,22050,b418522d0cee857b37977695c054d279,0.0,209.50159,3.529,0.0,0,0,0,0,0,0,0,0,0,0,0,0,0,0,0,4,0.493,-7.576,0,0.386,203.122,98.814,1,0.081,TRMMMDN12903CD37AD,,565308,0.209238497128825,0.11649043437539676,ARCIVXI127BF5F1610,,,,,Orquesta Sonara La Habana,213589,,0,0,Salsa Cubana Vol.6,767723,,SOIRTNX12AB018B41D,Pepe El Mañoso,8500495,0,0
51,22050,175c2bc1ee41beecd6a5d3492b73b65d,0.0,152.68526,0.473,0.0,0,0,0,0,0,0,0,0,0,0,0,0,0,0,0,5,0.453,-13.675,1,0.346,146.727,89.747,4,0.122,TRMMMLF128F4228771,,134035,0.4086277462912329,0.3001072404087452,AREWP0C1187B9B7B58,,,,2b5c26ec-1442-4026-bf8b-e7fb5bc6624a,Leo Marini,54400,,0,0,Éxitos Del Romántico De Siempre,233533,0.43016063701845586,SOLGCKQ12A8AE47CFA,Acércate Más,2561978,0,0
52,22050,d3276c4dd74b0deb80727601cb6a7355,0.0,137.50812,0.0,0.0,0,0,0,0,0,0,0,0,0,0,0,0,0,0,0,6,0.887,-11.214,0,0.714,134.362,89.839,4,0.989,TRMMMXD128F932AD86,,32384,0.4677422909090478,0.3756143752688891,ARO5ZS41187FB5C40D,35.21553,"Erick, OK",-99.86665,42b26772-c5a8-4af5-9fbb-d63593a48a29,Sheb Wooley,-1,,0,0,Country & Western,548439,0.0,SOZOAEF12AB017F0A9,Mule Boogie,6065990,0,1993
53,22050,323129b782583c0588e7375b576a3f4d,0.0,349.98812,0.357,0.0,0,0,0,0,0,0,0,0,0,0,0,0,0,0,0,0,0.437,-15.698,1,0.347,331.372,109.398,4,0.0,TRMMMQA128F14A454A,,13832,0.7479392152843963,0.5613940749564946,ARCXKY91187B9ACA99,,"Nanaimo, Canada",,67d2cb7a-9ddb-4a7f-82bf-5a2d1a038e98,Diana Krall,4071,,0,0,The Look Of Love,60300,0.6162512185301843,SOHMYGC12A6D4FAC4B,Dancing In The Dark,624976,0,2001
54,22050,f1954b3379db79a11f9f46f0751b239a,0.0,201.1424,0.0,0.0,0,0,0,0,0,0,0,0,0,0,0,0,0,0,0,7,0.896,-11.477,1,0.852,197.364,114.493,4,0.6,TRMMMGL128F92FD6AB,,16371,0.45014939529452913,0.34799406900614477,ARMTBVR1187B99A24A,,,,f7f182b1-9659-4086-b9f2-837649c4d43a,Clifford T. Ward,-1,,0,0,Change of Heart,614712,,SOHSSPG12A8C144BE0,Mad About You,6833759,0,2003
55,22050,f9a7ff2c0433d8323ee187f0455ddd42,0.0,130.0371,2.763,0.0,0,0,0,0,0,0,0,0,0,0,0,0,0,0,0,4,0.0,-8.014,1,0.216,123.878,181.257,1,0.0,TRMMMJM128F42648D0,,54504,0.5557649996003,0.3765142312148788,ARXZIHJ1187B9A4ED9,41.94508,"Attleboro, MA",-71.28109,b84dfb67-c437-4ccc-b512-1073fd4612eb,Ray Conniff;Billy Butterfield,8531,,0,0,Just Kiddin' Around,282841,,SOCBSOR12A8C1314DD,Heartaches,3156757,0,0
56,22050,9ff89823dd0884978298feb1f6c3c8d8,0.0,113.37098,0.0,0.0,0,0,0,0,0,0,0,0,0,0,0,0,0,0,0,9,0.43,-4.715,0,0.426,113.371,121.931,3,0.724,TRMMMHB128F92F0E3C,,453897,0.5635029581829314,0.4383994554309458,ARNIZZT1241B9CE19E,,,,f2ddd6e8-ef48-4d65-8940-a755491a5fde,Weekend Nachos,-1,,0,0,Unforgivable,610144,0.5947653122578578,SOOKLXI12A8C142FB0,Pain Over Acceptance,6782190,0,0
57,22050,99fc682515b03759157d4825596679dc,0.0,224.46975,0.142,0.0,0,0,0,0,0,0,0,0,0,0,0,0,0,0,0,8,0.762,-8.835,1,0.744,212.085,118.028,4,0.998,TRMMWMW12903CC6062,,61182,0.6210762296704616,0.48482533862899885,ARZNFNV1187FB3DA62,36.15398,"Tulsa, OK",-95.99277,98b31574-fa4c-4cf1-bf32-681f7df45fe3,Joe Diffie,2991,,0,0,The Ultimate Hits,585650,,SOYMTVV12A58A7C2D6,Ships That Don't Come In,6495091,0,1992
58,22050,fc3d4756952b3b8b810e82c02bddba96,0.0,232.82893,0.142,0.0,0,0,0,0,0,0,0,0,0,0,0,0,0,0,0,2,0.668,-9.313,1,0.63,221.466,95.853,4,0.214,TRMMWDA128F9343B5B,,23817,0.6042965872663661,0.437987748288433,ARKE7ZQ1187FB504BB,,"Jacksonville, FL",,d6d0b51f-1b65-4643-a679-cf4d0c0f3915,Blackfoot,41092,,0,0,Rick Medlocke & Blackfoot,513241,,SODQHXQ12AB0189AE0,Saturday Night  (LP Version),5683011,0,0
59,22050,7e99bdf74746e29da7432ea181126153,0.0,200.09751,3.059,0.0,0,0,0,0,0,0,0,0,0,0,0,0,0,0,0,10,0.882,-8.521,1,0.799,191.187,75.507,4,0.235,TRMMWMT128F9320CFD,,308227,0.5954144590901588,0.41709885981405265,ARL62M311C8A4213F2,,,,7700b801-de15-4c91-a641-387839e371e2,Katie Armiger,-1,,0,0,My Christmas,500094,0.0,SOFSJXP12AB017E676,I Just Want To Be With You This Christmas,5538894,0,0
60,22050,a99a7287bf47d96a6de7a09966538a8e,0.0,250.98404,0.165,0.0,0,0,0,0,0,0,0,0,0,0,0,0,0,0,0,5,0.322,-4.264,1,0.539,238.039,135.598,4,1.0,TRMMWDL128F9300D5D,,415645,0.6192065376574735,0.14468466090957882,AR9HLK81187B9AB1C3,42.88544,"Buffalo, NY",-78.87846,996e9b51-4fbf-44a8-97d6-290cd404c5fd,Stemm,-1,,0,0,Songs for the Incurable Heart,616041,0.4733465411087876,SOHGZWM12AAA8C86EA,On the Surface,6847850,0,2005
61,22050,00b0b509a74ae70b24206d657345dc74,0.0,244.40118,2.183,0.0,0,0,0,0,0,0,0,0,0,0,0,0,0,0,0,8,0.22,-9.759,1,0.428,230.986,101.028,3,1.0,TRMMWJS12903CBB7F5,,10173,0.8725365986697359,0.6107314629039089,AR12F2S1187FB56EEF,,"Boston, MA",,3d2b98e5-556f-4451-a3ff-c50ea18d57cb,Aerosmith,39,,0,0,Night In The Ruts,581758,,SOLBDWO12AB0188CC2,Remember (Walking In The Sand),6450950,0,1979
62,22050,c451e0895a89c814ae1b9a8542b68eaa,0.0,194.29832,0.879,0.0,0,0,0,0,0,0,0,0,0,0,0,0,0,0,0,10,0.562,-20.896,0,0.482,185.539,121.421,7,1.0,TRMMWOM12903CB21B8,,2782,0.4270095957724825,0.2897407693897861,AR16FF01187B98E24E,32.77815,"Dallas, TX",-96.7954,10e5004d-c636-4f6f-8cf6-deefe007764e,Hot Lips Page,21242,,0,0,Singin' The Blues,577469,0.2884816426560289,SOUHTYT12AB0189D1C,Just Another Woman,6411760,0,0
63,22050,9ef354ec53fc8dcf84e2b397b6f09b95,0.0,12.2771,0.38,0.0,0,0,0,0,0,0,0,0,0,0,0,0,0,0,0,10,0.0,-14.337,0,0.0,12.277,0.0,1,0.0,TRMMWYF128F42557B7,,149694,0.45814793446370033,0.3243187795933123,ARLVDM31187B98C2BB,,,,e7319465-1bed-432b-a540-cb16c264f214,David Fridlund,-1,,0,0,Amaterasu,198774,,SOVUFFC12AC9E16242,untitled,2169433,0,2004
64,22050,1c04cde3650de93f1eabc06b1214bd3d,0.0,152.24118,0.084,0.0,0,0,0,0,0,0,0,0,0,0,0,0,0,0,0,2,0.966,-6.768,1,0.99,152.241,128.175,1,0.0,TRMMWZE12903D0EB43,,436915,0.548457981763443,0.4015575969733629,AR72PJV1187B9A72CE,,,,9ed7f525-dcc3-46bb-911f-3fd22b28c519,Kultiration,-1,,0,0,Om Gaia,700140,,SOEBDKM12AC4686D3A,Bakslag,7767984,0,2004
65,22050,bdad4f8d5332e2939a20c61971114a24,0.0,300.72118,0.0,0.0,0,0,0,0,0,0,0,0,0,0,0,0,0,0,0,5,0.448,-5.036,1,0.525,287.347,119.997,4,1.0,TRMMWVS12903CDD6FB,,387386,0.48369766432825834,0.37721554335652224,AR76EV61187FB541DD,,,,44768ab3-fedf-4305-9b2a-cf98c97c8d44,Ewigkeit,160600,,0,0,Radio Ixtlan,681724,,SOPJNRJ12A8C1461C4,The New Way,7565788,0,2004
66,22050,e8568b40aa138c31f6fc7eca3f04504d,0.0,162.14159,0.084,0.0,0,0,0,0,0,0,0,0,0,0,0,0,0,0,0,11,0.111,-12.391,0,0.509,154.662,99.968,4,1.0,TRMMWRC128F93647F7,,125282,0.6790352988654202,0.3989814691643273,ARNFVG61187FB3EB6C,,California,,804adff4-9f7b-49d9-9585-6c73fb33e5aa,JOHN DOE,12618,,0,0,In My Own Cage,655002,0.0,SOUVPJZ12AB018218C,Suffer,7257771,0,0
67,22050,918f94a89fd2873ba82c0857f1f5779e,0.0,350.56281,0.065,0.0,0,0,0,0,0,0,0,0,0,0,0,0,0,0,0,1,0.415,-7.05,1,0.437,329.787,97.203,4,0.763,TRMMWCK128F92D4800,,164995,0.5041539375993402,0.43939889595411774,ARQGYAE11F4C846DF6,,,,cef8066e-75dd-41b4-8e29-59c1a7e007dc,Alpha 5.20,-1,,0,0,Rakailles 4,321358,,SONUZSW12AAA15EA65,Cités dortoires (feat. 59 Grammes),3619613,0,0
68,22050,b29ac7cd29f942cddcec42c382eae792,0.0,194.5073,0.218,0.0,0,0,0,0,0,0,0,0,0,0,0,0,0,0,0,1,0.72,-4.668,1,0.543,191.292,140.025,5,1.0,TRMMWLD128F9301BF2,,8271,0.6097543790913779,0.4084705861058948,ARE592P1187B99F3A7,,,,3e9c5302-782c-4bd9-99f0-76ed93c38f3a,Tonex,8002,,0,0,Unspoken,397813,0.3347065490692206,SOGBBEE12AB017ED6A,Bring It,4422553,0,0
69,22050,1377db94ba4d002bd9253dfa57dae8e2,0.0,200.6722,0.0,0.0,0,0,0,0,0,0,0,0,0,0,0,0,0,0,0,4,0.689,-6.873,1,0.669,195.698,154.004,4,0.978,TRMMWKH128F4280BCD,,227254,0.6292821271293939,0.43982312256843276,ARZG7JE11C8A422B60,,,,abe48bc0-d3fa-49ed-84ee-ed30df8bf16a,Chasen,69630,,0,0,Shine Through The Stars,292757,,SOPBCNI12AF729FE49,You And I,3283071,0,2008
70,22050,3cfe5ae81561d1525e9209eafe3f7cee,0.0,315.32363,0.258,0.0,0,0,0,0,0,0,0,0,0,0,0,0,0,0,0,2,0.514,-9.382,1,0.456,304.448,191.869,3,0.445,TRMMWBU128F930B7CF,,396809,0.42348755299210256,0.3363161889365225,AR6WOPD1187B98D9BB,34.05349,California - LA,-118.24532,af762387-4e82-4bf4-840c-4987cfa674c9,Finis Tasby,-1,,0,0,What My Blues Are All About,536619,,SOYKRSW12AB018078B,Sitting In My Window (Finis Tasby BMI),5935766,0,0
71,22050,975e60cd68b44d005fbe8e5728c68d9e,0.0,531.17342,2.177,0.0,0,0,0,0,0,0,0,0,0,0,0,0,0,0,0,11,0.235,-11.258,0,0.098,527.552,126.017,4,0.907,TRMMWCD128F9343198,,478504,0.4963750935953109,0.40022068236346053,AREPABD12420780ABB,,,,139ff1fb-ec28-4142-916d-5f2813992cdd,Ogris Debris,-1,,0,0,Black Label #57,642136,0.30416950343527516,SORASFZ12AB01828C7,Raid The Itch,7120778,0,0
72,22050,5128e040d5a77fc73accdac1c9c2279f,0.0,279.30077,0.0,0.0,0,0,0,0,0,0,0,0,0,0,0,0,0,0,0,7,0.939,-6.772,1,0.659,271.029,125.737,4,0.193,TRMMWNY12903CF28D2,,4075,0.6917444575524827,0.4713989978441847,ARUQFUJ1187FB42AEC,41.88415,"Chicago, IL",-87.63241,970fb29f-e288-403e-a388-d2a7889bfa47,Warren Zevon,10751,,0,0,The Wind,689584,0.5040343408054411,SOVOIOQ12AC4688FAC,The Rest of the Night,7652341,0,2003
73,22050,e2db9af8d841ccc8bba179b50f8a5788,0.0,241.78893,0.194,0.0,0,0,0,0,0,0,0,0,0,0,0,0,0,0,0,0,1.0,-9.089,1,0.905,238.788,91.974,4,0.13,TRMMWMT128F9345B1B,,348957,0.17931174821104928,0.0,ARJ8JOU1187B9A572F,49.38426,CANADA - Ontario,-84.75627,cd43b5c2-1205-4aa8-910e-99ba9b2ac2a0,Andrea Klas,-1,,0,0,Orion,471585,0.0,SOXAGQZ12AB018A089,Ride,5241883,0,0
74,22050,6bbd4d7431f1c623c564a47a7d3fe4d7,0.0,322.71628,0.212,0.0,0,0,0,0,0,0,0,0,0,0,0,0,0,0,0,9,0.766,-7.889,1,0.338,319.083,89.982,4,0.167,TRMMWNB12903C9A959,,32403,0.5493365194705937,0.4006905380796645,ARR9LD61187B990883,55.8578,"Glasgow, Scotland",-4.24251,5c42c9cf-5833-41d8-b600-177e70894046,The Soup Dragons,-1,,0,0,This Is Our Art,569813,,SOLFMLX12AB0186EB5,Passion Protein,6313869,0,1988
75,22050,9a66fd9ea82e792b057ba25cc83a9617,0.0,192.49587,0.0,0.0,0,0,0,0,0,0,0,0,0,0,0,0,0,0,0,8,0.462,-4.871,1,0.574,187.977,213.979,4,1.0,TRMMWQF12903CC0CAC,,579026,0.6519814287347455,0.4416469640552387,ARFKWCR1269FCD4C75,,,,d5d47951-4292-42e7-b8f0-14d9d9cc7f0f,Write This Down,218485,,0,0,Write This Down,805061,0.5873120375887987,SOSNKHA12AB0185BD6,Redemption,8899051,0,2010
76,22050,3e1724d83e189b855f275fe52103219c,0.0,279.84934,0.293,0.0,0,0,0,0,0,0,0,0,0,0,0,0,0,0,0,6,0.765,-11.818,1,0.638,273.966,120.013,4,0.272,TRMMWVB128F9312434,,173090,0.4206049081508266,0.3009359602835912,ARIBQTP1187B98C602,,,,b5408434-c2ad-4edd-9b9f-dd68aeabee07,Radio Macandé,123255,,0,0,Radio Macandé,271545,0.0,SOLOUIH12AB018146C,Dame Tus  Besos,5963809,0,0
77,22050,61040c000baa1e9156b876b44d5c7b64,0.0,225.95873,0.299,0.0,0,0,0,0,0,0,0,0,0,0,0,0,0,0,0,2,0.172,-8.988,1,0.26,219.283,125.492,4,0.0,TRMMWTJ128F9342FE6,,168703,0.515847654169403,0.35312499004640036,ARCP8YG1187B997D72,52.88356,UK - England - South East,-1.97406,e3f40d48-8f70-4654-9bdf-4a4ce1c95642,Claire Hamill,-1,,0,0,Touchpaper,557522,,SOKWWCO12AB0187D70,Don't Prolong the Agony (Bonus Track),6165619,0,0
78,22050,1fff2f64db27c71050166e9c7e81fbd6,0.0,253.23057,0.073,0.0,0,0,0,0,0,0,0,0,0,0,0,0,0,0,0,2,0.643,-5.943,1,0.137,247.391,191.927,4,0.082,TRMMWVS12903CD1D03,,9140,0.423738177175684,0.0,ARMORI81187FB5B1AD,,,,50eaf061-e265-434a-937f-09289270d08a,Kruiz,-1,,0,0,Kruiz-1,811431,,SODXEOD12AB018EC03,Dalny svet (bonus 2003),8969250,0,0
79,22050,93b56f0b2a33f3602be00611ac9587bf,0.0,180.13995,0.324,0.0,0,0,0,0,0,0,0,0,0,0,0,0,0,0,0,2,0.297,-21.25,0,0.363,175.148,123.172,4,0.204,TRMMWIH12903CF90F8,,3648,0.41528718185876845,0.31907462389548225,ARV5O111187B9A3F3A,47.61002,Bellevue Washington USA,-122.18755,da1faeaa-82c8-4072-b40f-0f7f2e1efe76,Carl Davis,16333,,0,0,DAVIS_ C.: Alice in Wonderland [Ballet] (Prague City Philharmonic_ Davis),737170,,SONHPZT12AC90970C3,Alice in Wonderland: Act I: The Caucus Race,8167012,0,0
80,22050,6110a3f4d515f540d3b5ce835bc78916,0.0,195.10812,0.349,0.0,0,0,0,0,0,0,0,0,0,0,0,0,0,0,0,5,0.449,-4.585,0,0.568,189.742,164.452,1,0.201,TRMMWNW128F931511B,,17037,0.6058152970535612,0.4705771181971245,AR5SHMY1187FB3D71A,,,,3e356f2a-3501-4e68-8eff-f77d582c066a,Brigitte Fontaine,65610,,0,0,Dévaste-Moi,624358,0.24686509445288138,SOHQYYJ12AB0183B6D,Le mauvais coton,6931310,0,1990
81,22050,025884b4152614dc4f85b9387bcd52e0,0.0,241.162,1.146,0.0,0,0,0,0,0,0,0,0,0,0,0,0,0,0,0,8,0.793,-20.523,1,0.577,224.049,166.401,4,0.83,TRMMWWF12903CAD485,,141602,0.504424856033359,0.30431073296378,AR3EVEE1187B9994B7,18.11526,Jamaica,-77.27348,f564b042-1bec-4990-b730-151a0a8fd59a,Abijah,-1,,0,0,Fatis Presents Abijah,664392,,SOIOKZN12AB01857C2,Love Can Change feat. Nadine Sutherland,7367180,0,0
82,22050,ff8e27808647c8346c9a74a6783232ff,0.0,480.05179,3.959,0.0,0,0,0,0,0,0,0,0,0,0,0,0,0,0,0,3,0.806,-19.469,0,0.658,477.147,125.159,4,0.848,TRMMWFG128F92DFAA2,,22934,0.49752983091572184,0.3918014803220278,ARXWUOT120AB95E347,61.49781,Tampere,23.76226,e15f60f3-32c7-46eb-a7a7-43026b7b5fcb,Hex,-1,,0,0,Tone Tales From Tomorrow,430813,,SOMPUGR12A8C146F57,Subtek,4807533,0,0
83,22050,217b75ac20f2497701891526081ea681,0.0,218.53995,0.171,0.0,0,0,0,0,0,0,0,0,0,0,0,0,0,0,0,4,0.86,-5.164,0,0.647,210.889,82.009,3,0.519,TRMMWPD128F4247095,,31711,0.586126239415164,0.4168239785373034,AR9TMXT1187B99AEDC,51.16418,GERMANY,10.45415,b13f113c-22f1-4b16-9719-69200dc58e00,X-Perience,-1,,0,0,Lost In Paradise,271240,,SODMDUM12A6D4FCEE4,Dream Of Love,3017571,0,2006
84,22050,4ebfeb7567f421a4a32a982640227066,0.0,394.23955,0.0,0.0,0,0,0,0,0,0,0,0,0,0,0,0,0,0,0,0,0.118,-7.122,1,0.267,379.629,168.837,3,0.671,TRMMWQU12903CF447F,,182216,0.7001199540659913,0.5343837417916764,AR73P6T1187B994881,62.19845,SWEDEN,17.55142,af723a8a-d3db-46c2-82a3-201dde8fa27f,Diablo Swing Orchestra,-1,,0,0,Sing-Along Songs for the Damned and Delirious,602123,0.7301613848872841,SONVYNC12AB0184ECC,Lucy Fears the Morning Star,6685307,0,2009
85,22050,3d9040368190cdf14261668df4d39870,0.0,215.09179,0.298,0.0,0,0,0,0,0,0,0,0,0,0,0,0,0,0,0,2,0.427,-26.023,1,0.482,192.592,132.37,1,0.0,TRMMWTW128F42783DD,,2981,0.7052876780775723,0.5172980180255892,AR039B11187B9B30D0,,"NEW YORK, New York",,fb9719bf-c477-4223-b319-986eb4168a91,John Williams,5226,,0,0,English Guitar Music,289345,,SOPHQEL12A8C1357CC,Fool on the Hill,3247895,0,0
86,22050,57e521cfd7b0a0f0adf5411ee61426b4,0.0,356.51873,0.067,0.0,0,0,0,0,0,0,0,0,0,0,0,0,0,0,0,6,0.058,-4.634,1,0.446,344.335,82.17,4,0.0,TRMMWXK12903CDED07,,185422,0.6642659886749324,0.42714860695126955,ARHC7VF1187FB59B98,43.64856,"Toronto, Ontario, Canada",-79.38533,19202b40-eb93-48a0-b6fc-fce9568182aa,Fucked Up,203496,,0,0,Hidden World,682269,0.6605600373545201,SOLQULR12AB018D726,Baiting the Public,7571439,0,2006
87,22050,bd26e39fbda47524d2cf02efb7bdc133,0.0,258.53342,0.0,0.0,0,0,0,0,0,0,0,0,0,0,0,0,0,0,0,7,0.588,-13.031,1,0.644,249.382,131.061,4,0.777,TRMMWHH128EF34A6C9,,56387,0.46480772620379296,0.3670667055472891,AR0XJ291187FB45855,39.75911,"Dayton, Ohio",-84.19444,c118502c-e6ce-40a7-b4e1-1a1a5bb3fb19,Drexel,55654,,0,0,TheBloodyTransylvaniaStreetMachine,71767,,SOKXBTF12A6BD4F3AD,Death Acceptor,753098,0,0
88,22050,0f5c4cb1df867af41e473d067e1d7d1f,0.0,154.85342,0.0,0.0,0,0,0,0,0,0,0,0,0,0,0,0,0,0,0,9,0.594,-9.336,0,0.414,145.479,150.887,4,0.853,TRMMWHJ128F42869B2,,18580,0.5909942238189222,0.4750260443877292,AR3UY051187B9A922A,34.13602,"Glendora, CA",-117.86483,ea9889a3-539d-4549-bff3-cb721b989aa2,The Surfaris,-1,,0,0,100 Years of Surfing,219226,,SOPFHPD12A8C1407F6,Wipeout,2391680,0,1988
89,22050,dcd5eb33881953e6aaa81ba3edd49dee,0.0,11.75465,0.0,0.0,0,0,0,0,0,0,0,0,0,0,0,0,0,0,0,8,0.195,-7.598,1,0.466,11.755,47.649,1,0.0,TRMMWAO128F93182D2,,3737,0.6033827679508963,0.4494236346936823,AR2P71H1187B9B8C00,,DE,,2e0d05e0-d147-46e6-be51-8ffed2a9e0da,Kool Savas,2308,,0,0,Die besten Tage sind gezählt,407754,,SOORUNH12AB0182395,Fick uns,4536351,0,0
90,22050,c84f76bee9b617f1bcc40a0c9b843be5,0.0,298.05669,2.09,0.0,0,0,0,0,0,0,0,0,0,0,0,0,0,0,0,1,0.624,-4.186,1,0.725,298.057,93.052,4,0.293,TRMMWVG12903CBF769,,467711,0.48025417797524206,0.4136247536453168,ARLQPCR12086C1188A,,,,be9c8fc0-0dfd-45eb-a4dd-fec3ba8a8499,Prinz Porno,-1,,0,0,Blackbooked No. 2 - Jung_ schön und stylish,715013,0.21204540548371908,SOAOSWS12AB0189131,Wir Sind Die Jungs feat. Din & Smexer,7930599,0,0
91,22050,fe4fa4d807a030f7a25eeff25b0e2196,0.0,291.68281,0.0,0.0,0,0,0,0,0,0,0,0,0,0,0,0,0,0,0,1,0.267,-5.51,1,0.324,283.678,163.931,4,0.613,TRMMWBR128F930E399,,333413,0.5317356825084278,0.3042206535557297,ARDBUTG1187FB5531E,,,,dc18ce1a-a4b6-4844-a5cb-ece11b7e9ee7,Lord T & Eloise,-1,,0,0,Aristocrunk,450928,,SOYTTYG12AB017F85E,Make Dat Monet,5008004,0,0
92,22050,6b35d81e2ce11c5152bd7754b8a0eba3,0.0,329.40363,6.269,0.0,0,0,0,0,0,0,0,0,0,0,0,0,0,0,0,4,0.53,-8.135,0,0.438,299.148,144.005,4,0.432,TRMMWWE12903D067F2,,16715,0.6135474191917056,0.4106915837470039,AR8AJC81187B9AE2F5,40.99471,Pennsylvania,-77.60454,a9859125-d2c2-498e-a20b-b98dff2957a4,Kingdom Come,-1,,0,0,Ain't Crying for the Moon,787050,0.37598430150044215,SOUIUYF12AC3DF998F,Two Legged Sheep,8709880,0,2006
93,22050,5f3e96013bf4cd1bceaf582bdca6e052,0.0,259.99628,0.0,0.0,0,0,0,0,0,0,0,0,0,0,0,0,0,0,0,0,0.471,-5.652,0,0.562,255.623,93.384,4,0.784,TRMMWAO128F42A53EB,,8171,0.6411508649630683,0.4861678581831917,AR4T2NV1187B997CF3,,,,d61ab6ed-81e4-48fa-9c7b-f952f08ac929,Gemelli Diversi,665,,0,0,4 x 4,303644,0.48169414661397864,SOJGKAD12A58A7D1FF,Chi Sei Adesso,3435240,0,2009
94,22050,a590102e7ff64842f771cb9422e4cec5,0.0,168.33261,0.177,0.0,0,0,0,0,0,0,0,0,0,0,0,0,0,0,0,5,0.238,-3.438,0,0.327,163.654,141.063,4,0.168,TRMMWCX128F92EF4C8,,356687,0.6451280043936728,0.4611164123953373,ARYNKUB1187B995EDE,,,,6a5f768c-db43-461a-8e58-658084ebe84d,Alice In Videoland,-1,,0,0,Outrageous,609684,0.5685889223742893,SOCKLYJ12A8C14017E,Stuck On My Vision,6775669,0,2005
95,22050,d61b40372fb4893535d94551aaf57b50,0.0,200.28036,0.0,0.0,0,0,0,0,0,0,0,0,0,0,0,0,0,0,0,2,0.355,-7.405,0,0.269,188.418,97.077,4,0.465,TRMMWSE128F93041C5,,144698,0.27620232132073136,0.3941052719365698,AR2UHZT1187FB5033D,,,,44be840b-bc58-4f43-8321-2675b4d72b2a,Kristian Meurman,32879,,0,0,Galaksi,488274,,SOMOSWT12AB017CD5A,Joku muu,5421069,0,2009
96,22050,80c83e0af75d5737e5407dae326a5963,0.0,179.59138,3.75,0.0,0,0,0,0,0,0,0,0,0,0,0,0,0,0,0,5,0.794,-8.754,0,0.682,165.523,168.024,4,0.703,TRMMWJP12903CD8807,,25681,0.685804311065581,0.4479215437571803,ARWC7G01187B9A9CC5,34.05349,California - LA,-118.24532,f6cfa4fb-5f91-4a90-a1c5-bb083cead82c,Felt,-1,,0,0,Felt 3: A Tribute To Rosie Perez [Instrumentals & Acapellas],769401,0.2538347361322313,SOUKOKB12AB018A808,Whaleface (Instrumental),8521087,0,0
97,22050,e4a07b777de5a437c965a7bf483176cc,0.0,251.50649,0.0,0.0,0,0,0,0,0,0,0,0,0,0,0,0,0,0,0,2,0.002,-10.792,1,0.275,249.139,86.2,4,0.479,TRMMWJD12903CC0F05,,482712,0.42266164286838875,0.25383455355411105,ARLQFGK1187B98DC2B,,,,b793d363-8d0b-4f11-a798-fa545ed98eb1,Gangster Fun,-1,,0,0,Time Flies When You're Gangster Fun,715502,,SOJLGRD12AB018724F,Brown Paper Bag,7936644,0,1992
98,22050,5ee660e5037e0011d2a68726f1db88df,0.0,194.53342,0.34,0.0,0,0,0,0,0,0,0,0,0,0,0,0,0,0,0,0,0.758,-14.914,1,0.667,189.492,71.513,1,0.0,TRMMWTG128F4283F07,,3234,0.5867461108882588,0.43319906875522063,ARVP8NN1187FB3C1D3,,"Nairobi, Kenya",,80d07b5b-35b1-4d58-a72e-49ac98cba13f,Roger Whittaker,15306,,0,0,Wind Beneath My Wings,293550,0.0,SOZTLAR12A8C1368A9,You Needed Me,3296492,0,1994
99,22050,b14b6a5056e476d7697dc3c15b195855,0.0,225.35791,0.171,0.0,0,0,0,0,0,0,0,0,0,0,0,0,0,0,0,7,0.691,-5.232,1,0.446,221.269,120.115,4,0.666,TRMMWXW128F422976E,,165299,0.5332779686821543,0.3683532804565175,AR4CFD51187B9B0FA9,,,,b9f60d4b-f335-48af-9d06-b6344adaffc5,A.Human,-1,,0,0,Third Hand Prophecy,233897,,SOIOAQZ12A8AE472A2,Pacey Singer,2566237,0,2008
